date,food_demand_kg,water_demand_liters,medicine_demand_units,shelter_demand_units
2020-01-01,7717,7201,589,432
2020-01-02,4013,8799,381,410
2020-01-03,8148,19584,328,309
2020-01-04,2703,19244,683,219
2020-01-05,2046,11188,510,412
2020-01-06,9327,19646,497,283
2020-01-07,7386,19824,275,200
2020-01-08,6205,8052,158,85
2020-01-09,4042,19563,518,360
2020-01-10,1961,18994,192,466
2020-01-11,9144,17335,652,317
2020-01-12,6913,15116,736,465
2020-01-13,2874,16307,553,168
2020-01-14,4992,18587,371,452
2020-01-15,4803,14467,637,57
2020-01-16,5440,10477,924,93
2020-01-17,2117,6513,875,402
2020-01-18,5786,5977,722,402
2020-01-19,2087,11409,225,190
2020-01-20,8111,13905,371,215
2020-01-21,7993,18402,635,443
2020-01-22,5212,7150,904,161
2020-01-23,4650,5914,289,439
2020-01-24,4188,18787,251,365
2020-01-25,8552,10180,670,80
2020-01-26,8418,13224,968,215
2020-01-27,3981,5508,887,361
2020-01-28,7725,13401,793,113
2020-01-29,1018,16282,587,248
2020-01-30,1920,19206,509,223
2020-01-31,2067,9086,585,475
2020-02-01,5477,9288,743,175
2020-02-02,7559,17176,284,232
2020-02-03,4535,2063,215,460
2020-02-04,7964,10488,153,418
2020-02-05,1187,7676,225,55
2020-02-06,2049,4394,668,459
2020-02-07,7938,9510,598,352
2020-02-08,4330,6014,660,461
2020-02-09,5747,17710,833,452
2020-02-10,3762,2442,244,255
2020-02-11,1832,10532,868,449
2020-02-12,4890,4472,632,200
2020-02-13,3895,4771,349,240
2020-02-14,3796,13851,873,325
2020-02-15,1745,17239,697,98
2020-02-16,2527,8563,231,397
2020-02-17,8552,17332,457,364
2020-02-18,7212,10659,137,59
2020-02-19,1480,11041,498,253
2020-02-20,6813,5980,325,188
2020-02-21,7970,15848,902,330
2020-02-22,4321,5413,696,290
2020-02-23,2913,13244,347,103
2020-02-24,1433,14597,154,74
2020-02-25,2681,18933,271,194
2020-02-26,2448,6190,351,191
2020-02-27,5015,19196,882,245
2020-02-28,5245,8325,593,325
2020-02-29,1990,8513,501,480
2020-03-01,3641,11121,985,59
2020-03-02,1259,15400,455,416
2020-03-03,4775,11313,919,232
2020-03-04,2931,5855,983,69
2020-03-05,2686,4388,345,373
2020-03-06,4889,17192,342,381
2020-03-07,5189,4844,458,189
2020-03-08,7542,13754,205,285
2020-03-09,8830,4889,205,237
2020-03-10,1190,15495,814,295
2020-03-11,4196,18812,581,466
2020-03-12,6685,13561,729,53
2020-03-13,4202,2645,887,217
2020-03-14,9880,15583,302,132
2020-03-15,6496,7234,908,459
2020-03-16,9129,2014,120,481
2020-03-17,9141,18096,623,415
2020-03-18,5609,6066,586,394
2020-03-19,9767,13417,436,264
2020-03-20,4922,5657,942,350
2020-03-21,8580,14738,704,166
2020-03-22,7612,17435,614,57
2020-03-23,7530,18751,726,193
2020-03-24,8492,16574,873,483
2020-03-25,8583,2157,377,60
2020-03-26,1737,9417,660,438
2020-03-27,2677,17019,259,342
2020-03-28,1172,7779,329,485
2020-03-29,7007,19736,329,130
2020-03-30,1203,17019,881,168
2020-03-31,3747,17397,664,406
2020-04-01,9977,19489,433,449
2020-04-02,7755,11926,732,296
2020-04-03,4577,2399,616,272
2020-04-04,9751,4945,563,316
2020-04-05,7587,4597,431,444
2020-04-06,1419,12710,565,153
2020-04-07,2352,2203,590,489
2020-04-08,4361,9463,383,464
2020-04-09,8005,7842,949,172
2020-04-10,9914,2417,465,467
2020-04-11,8487,15082,782,206
2020-04-12,5304,18606,824,486
2020-04-13,2270,13306,962,171
2020-04-14,2572,9037,485,212
2020-04-15,5182,9370,388,313
2020-04-16,3528,9657,581,487
2020-04-17,1874,7777,908,285
2020-04-18,6130,7236,318,301
2020-04-19,4278,7205,819,364
2020-04-20,6776,19345,618,420
2020-04-21,9662,11622,805,191
2020-04-22,7210,12655,137,153
2020-04-23,9285,14807,520,287
2020-04-24,7435,6927,263,290
2020-04-25,1217,8602,988,133
2020-04-26,3358,4539,453,82
2020-04-27,1173,18867,833,198
2020-04-28,4222,11780,672,146
2020-04-29,2310,7441,101,144
2020-04-30,3602,15351,858,55
2020-05-01,6323,19001,227,205
2020-05-02,3142,6906,192,51
2020-05-03,8694,12885,371,229
2020-05-04,5624,2062,420,53
2020-05-05,7168,11639,672,433
2020-05-06,4028,12710,948,104
2020-05-07,7233,3428,910,323
2020-05-08,9092,7912,963,269
2020-05-09,1951,6454,532,213
2020-05-10,1369,15299,846,182
2020-05-11,1536,2528,665,162
2020-05-12,2828,17101,610,381
2020-05-13,2895,18219,238,295
2020-05-14,8985,4590,273,141
2020-05-15,6108,13619,237,53
2020-05-16,4075,5820,414,449
2020-05-17,9421,6023,284,325
2020-05-18,7491,15384,876,128
2020-05-19,1973,18510,419,164
2020-05-20,7403,2089,726,172
2020-05-21,9694,10152,602,213
2020-05-22,8735,10668,887,314
2020-05-23,4989,14940,256,216
2020-05-24,9851,4812,203,173
2020-05-25,9333,9760,927,157
2020-05-26,6493,17816,809,315
2020-05-27,8247,18107,596,135
2020-05-28,1289,11896,413,70
2020-05-29,9777,19878,238,226
2020-05-30,5481,18730,714,497
2020-05-31,8059,16287,272,351
2020-06-01,3970,8175,684,84
2020-06-02,1790,10131,817,188
2020-06-03,9162,17288,189,171
2020-06-04,6123,12772,897,319
2020-06-05,2974,11367,598,206
2020-06-06,3659,14633,787,344
2020-06-07,3432,11236,708,376
2020-06-08,7398,14728,329,499
2020-06-09,2279,15659,561,254
2020-06-10,5388,14544,127,212
2020-06-11,8245,8271,164,189
2020-06-12,3199,17986,361,175
2020-06-13,8674,8999,608,98
2020-06-14,1879,5591,514,442
2020-06-15,8145,13111,316,241
2020-06-16,4716,3169,763,189
2020-06-17,8368,7071,890,476
2020-06-18,4245,13399,880,386
2020-06-19,3472,8114,504,484
2020-06-20,6131,10301,762,476
2020-06-21,3846,6254,805,439
2020-06-22,8093,7493,806,279
2020-06-23,2098,8946,769,192
2020-06-24,9171,16839,728,93
2020-06-25,9309,4668,582,340
2020-06-26,3368,17694,460,362
2020-06-27,3369,18978,384,264
2020-06-28,7812,8784,251,456
2020-06-29,2095,2650,846,387
2020-06-30,3244,9303,643,478
2020-07-01,5288,18740,499,289
2020-07-02,9877,7999,560,128
2020-07-03,7053,8878,291,95
2020-07-04,4113,8489,683,397
2020-07-05,2082,12719,659,449
2020-07-06,4370,11009,282,88
2020-07-07,5879,4945,904,303
2020-07-08,7294,14244,317,72
2020-07-09,6888,16270,908,417
2020-07-10,6951,11165,434,209
2020-07-11,7727,12730,386,209
2020-07-12,3817,3202,742,424
2020-07-13,4077,12923,628,499
2020-07-14,6196,11384,886,150
2020-07-15,3027,4621,751,226
2020-07-16,3152,5694,841,365
2020-07-17,5078,10126,710,251
2020-07-18,9681,11902,823,350
2020-07-19,7641,6072,610,372
2020-07-20,7892,14497,435,143
2020-07-21,6340,9827,339,270
2020-07-22,3660,5511,275,123
2020-07-23,1341,3638,346,96
2020-07-24,5095,2753,572,408
2020-07-25,6587,17325,559,320
2020-07-26,1620,17308,109,204
2020-07-27,9026,2683,327,290
2020-07-28,8966,11102,246,136
2020-07-29,6056,17644,765,128
2020-07-30,2284,16863,686,355
2020-07-31,1170,19630,522,467
2020-08-01,2302,7924,282,221
2020-08-02,8846,17170,422,437
2020-08-03,9610,8508,640,401
2020-08-04,7271,17104,900,193
2020-08-05,3075,12329,482,250
2020-08-06,6910,8761,424,116
2020-08-07,9622,14248,128,368
2020-08-08,4675,7575,465,76
2020-08-09,8589,11229,762,192
2020-08-10,1358,7515,342,215
2020-08-11,8424,11015,485,95
2020-08-12,3829,7379,129,55
2020-08-13,1652,17159,489,60
2020-08-14,4518,18941,370,178
2020-08-15,7411,3341,988,200
2020-08-16,6907,4572,134,451
2020-08-17,7879,7567,230,166
2020-08-18,9160,17422,914,311
2020-08-19,7874,19696,930,237
2020-08-20,1562,13788,861,389
2020-08-21,8010,4709,350,83
2020-08-22,7292,16784,330,256
2020-08-23,1413,6865,566,109
2020-08-24,4043,14590,949,277
2020-08-25,1183,17693,586,50
2020-08-26,5752,9109,776,408
2020-08-27,8938,10981,153,410
2020-08-28,8354,18818,278,196
2020-08-29,8672,10674,805,185
2020-08-30,3320,2687,216,159
2020-08-31,6945,3929,555,229
2020-09-01,6150,3645,720,459
2020-09-02,5679,12733,761,266
2020-09-03,7996,16077,611,353
2020-09-04,6979,18900,496,358
2020-09-05,9226,11802,622,393
2020-09-06,7457,18339,307,451
2020-09-07,9651,12649,542,206
2020-09-08,9775,12108,712,170
2020-09-09,4544,8066,202,488
2020-09-10,3954,5520,589,407
2020-09-11,3887,5191,440,158
2020-09-12,6878,11117,180,483
2020-09-13,6195,3513,360,136
2020-09-14,5940,15561,572,372
2020-09-15,1136,19920,410,114
2020-09-16,8540,14586,428,141
2020-09-17,6155,19638,683,404
2020-09-18,7524,17495,738,151
2020-09-19,7773,7080,679,149
2020-09-20,6040,16282,595,348
2020-09-21,5503,5714,896,345
2020-09-22,6746,10937,892,117
2020-09-23,3242,18515,410,187
2020-09-24,3912,16737,885,428
2020-09-25,8080,15898,813,292
2020-09-26,6098,19191,417,90
2020-09-27,7639,12847,481,422
2020-09-28,1693,6843,183,426
2020-09-29,7745,2217,627,439
2020-09-30,9879,2735,783,235
2020-10-01,9001,14194,813,497
2020-10-02,2433,15395,404,88
2020-10-03,5055,12610,767,62
2020-10-04,8833,16107,404,347
2020-10-05,1898,12023,726,271
2020-10-06,9022,7560,591,198
2020-10-07,4376,14092,411,454
2020-10-08,7499,4261,511,240
2020-10-09,8504,19322,737,222
2020-10-10,5540,19645,822,157
2020-10-11,2857,8629,674,472
2020-10-12,3978,14255,840,449
2020-10-13,8045,11007,691,291
2020-10-14,5538,5159,345,102
2020-10-15,1806,7657,698,94
2020-10-16,7721,4495,926,85
2020-10-17,3288,16565,714,372
2020-10-18,1821,2946,967,179
2020-10-19,9321,8820,741,373
2020-10-20,7595,12969,965,406
2020-10-21,9231,10418,794,478
2020-10-22,6028,4793,834,117
2020-10-23,3648,12095,574,152
2020-10-24,9256,9815,131,90
2020-10-25,3432,15765,934,266
2020-10-26,6950,12885,956,280
2020-10-27,5578,8356,696,446
2020-10-28,9041,16744,320,256
2020-10-29,1374,5570,534,311
2020-10-30,8541,17731,529,411
2020-10-31,4950,5609,875,299
2020-11-01,4187,11766,372,282
2020-11-02,3286,11368,343,484
2020-11-03,9625,17060,239,253
2020-11-04,4015,19362,567,318
2020-11-05,8597,18772,620,330
2020-11-06,6970,9547,166,118
2020-11-07,1978,2859,974,338
2020-11-08,2404,16037,366,129
2020-11-09,7578,7534,850,177
2020-11-10,5924,11332,657,473
2020-11-11,7572,11344,950,237
2020-11-12,5054,13184,462,377
2020-11-13,3270,12268,142,322
2020-11-14,9943,17209,590,125
2020-11-15,8248,10102,226,420
2020-11-16,4802,18794,173,295
2020-11-17,9545,13803,953,72
2020-11-18,5382,12317,132,157
2020-11-19,8149,2836,127,153
2020-11-20,2677,11569,644,365
2020-11-21,1477,16320,158,60
2020-11-22,5367,8399,732,248
2020-11-23,3655,2414,650,322
2020-11-24,9701,2309,894,411
2020-11-25,1523,18657,804,96
2020-11-26,4818,12911,861,426
2020-11-27,1312,14930,657,259
2020-11-28,6180,8066,224,317
2020-11-29,1932,10031,503,418
2020-11-30,9766,8280,459,118
2020-12-01,2102,16277,706,363
2020-12-02,9265,9485,172,445
2020-12-03,4000,12454,887,205
2020-12-04,2784,18978,661,349
2020-12-05,6956,14524,485,381
2020-12-06,9296,15259,560,317
2020-12-07,9600,11883,538,389
2020-12-08,1146,2582,511,468
2020-12-09,6326,11642,265,186
2020-12-10,8306,2422,334,217
2020-12-11,4098,3044,266,405
2020-12-12,3027,14474,440,267
2020-12-13,2102,5345,716,248
2020-12-14,4382,12008,504,427
2020-12-15,9194,2702,183,338
2020-12-16,5449,13555,820,300
2020-12-17,8476,14672,245,356
2020-12-18,3705,10186,427,344
2020-12-19,4374,11861,194,188
2020-12-20,8294,16583,211,262
2020-12-21,7647,10044,644,384
2020-12-22,1211,19282,928,390
2020-12-23,7412,8892,478,231
2020-12-24,8130,12960,770,497
2020-12-25,3456,12705,973,433
2020-12-26,1619,19444,246,115
2020-12-27,1902,5088,525,357
2020-12-28,4787,6077,375,248
2020-12-29,9192,8755,932,153
2020-12-30,6726,6395,957,332
2020-12-31,4197,18067,464,441
2021-01-01,4457,11588,834,236
2021-01-02,7687,4238,668,373
2021-01-03,4364,3735,198,179
2021-01-04,1096,17506,727,478
2021-01-05,2966,19549,487,66
2021-01-06,6111,13869,805,121
2021-01-07,5610,3679,215,118
2021-01-08,8118,3506,295,373
2021-01-09,4151,13175,401,191
2021-01-10,2354,7689,896,111
2021-01-11,4135,15294,724,431
2021-01-12,3096,12780,726,164
2021-01-13,8158,18290,351,286
2021-01-14,5552,6206,998,455
2021-01-15,4858,9923,736,371
2021-01-16,2659,4882,746,203
2021-01-17,2436,10983,754,141
2021-01-18,6446,19669,892,464
2021-01-19,3399,12089,325,118
2021-01-20,7880,16342,614,71
2021-01-21,6498,6666,128,230
2021-01-22,3861,10204,235,425
2021-01-23,4628,12143,339,279
2021-01-24,7133,16355,727,63
2021-01-25,7271,18835,677,334
2021-01-26,5554,4734,721,353
2021-01-27,8105,17678,637,373
2021-01-28,5706,3326,951,203
2021-01-29,9260,15085,814,186
2021-01-30,5572,5714,927,403
2021-01-31,9290,7037,585,219
2021-02-01,4109,12961,158,366
2021-02-02,4322,4828,932,336
2021-02-03,8461,7404,563,357
2021-02-04,2182,13252,124,437
2021-02-05,4500,5465,229,121
2021-02-06,1630,9900,111,287
2021-02-07,8626,16599,366,291
2021-02-08,3084,6257,959,310
2021-02-09,6560,19291,628,224
2021-02-10,9887,6628,692,330
2021-02-11,2819,5297,962,315
2021-02-12,8046,8849,173,370
2021-02-13,8791,4040,417,226
2021-02-14,1672,9137,727,453
2021-02-15,6499,11446,724,416
2021-02-16,4099,11430,463,91
2021-02-17,7697,5760,744,227
2021-02-18,4538,3331,978,182
2021-02-19,7712,6615,857,455
2021-02-20,7240,19753,389,254
2021-02-21,7837,2493,634,336
2021-02-22,3115,19227,536,73
2021-02-23,3014,14669,161,97
2021-02-24,2362,3935,319,490
2021-02-25,4640,9209,880,483
2021-02-26,3033,19571,111,89
2021-02-27,4673,4507,969,162
2021-02-28,4201,3493,233,180
2021-03-01,6968,2225,759,401
2021-03-02,2669,17049,898,155
2021-03-03,6022,5386,689,273
2021-03-04,4058,16970,562,479
2021-03-05,1253,12823,427,301
2021-03-06,6645,19677,683,80
2021-03-07,4178,18110,558,338
2021-03-08,6643,13733,414,496
2021-03-09,4142,17874,728,468
2021-03-10,4869,3261,732,404
2021-03-11,2216,19859,370,212
2021-03-12,1404,14304,815,403
2021-03-13,4458,18707,232,467
2021-03-14,2268,11273,849,384
2021-03-15,7236,7981,423,443
2021-03-16,7400,11727,643,294
2021-03-17,7476,15995,130,225
2021-03-18,7671,5834,776,235
2021-03-19,2165,10257,794,292
2021-03-20,6059,6715,768,133
2021-03-21,8999,5022,639,78
2021-03-22,7753,11947,328,175
2021-03-23,1226,10606,870,250
2021-03-24,2477,15725,661,196
2021-03-25,9004,9808,119,95
2021-03-26,5727,18869,972,479
2021-03-27,3857,9602,590,440
2021-03-28,1544,6766,189,474
2021-03-29,9455,14731,367,495
2021-03-30,3575,14604,979,319
2021-03-31,8075,12539,422,106
2021-04-01,1158,6271,249,246
2021-04-02,8341,2425,354,237
2021-04-03,6551,10737,435,426
2021-04-04,8457,7872,399,258
2021-04-05,6300,8197,693,55
2021-04-06,3894,10602,485,250
2021-04-07,4739,19549,995,435
2021-04-08,2110,6362,820,464
2021-04-09,8494,17427,771,56
2021-04-10,3748,18147,293,234
2021-04-11,6119,3008,789,396
2021-04-12,9213,15582,742,255
2021-04-13,3674,13691,927,50
2021-04-14,5739,18026,440,168
2021-04-15,7421,3946,563,210
2021-04-16,5890,4765,562,428
2021-04-17,8849,15249,736,139
2021-04-18,2351,8088,914,247
2021-04-19,6879,2099,441,107
2021-04-20,8334,3171,145,350
2021-04-21,4898,17115,136,418
2021-04-22,4337,14797,968,409
2021-04-23,5448,18649,874,94
2021-04-24,8498,2344,488,62
2021-04-25,2777,19791,440,411
2021-04-26,4423,3877,826,155
2021-04-27,6516,17603,702,94
2021-04-28,3921,12145,766,191
2021-04-29,6988,6001,369,92
2021-04-30,6883,12976,711,433
2021-05-01,6601,12089,630,387
2021-05-02,4185,12707,830,444
2021-05-03,4765,18063,162,135
2021-05-04,2830,13331,760,463
2021-05-05,2743,6674,926,57
2021-05-06,4447,4153,580,190
2021-05-07,3140,14253,237,221
2021-05-08,3437,6299,469,114
2021-05-09,7724,4205,739,214
2021-05-10,9551,16777,800,253
2021-05-11,9222,2138,390,196
2021-05-12,7893,15565,720,78
2021-05-13,5018,9016,168,390
2021-05-14,2316,7693,399,431
2021-05-15,6334,15796,425,77
2021-05-16,5907,6564,306,212
2021-05-17,6434,5884,167,448
2021-05-18,2756,6276,640,146
2021-05-19,3730,9829,105,294
2021-05-20,7579,4138,277,227
2021-05-21,1879,16753,538,87
2021-05-22,6385,7468,461,303
2021-05-23,7167,4080,946,191
2021-05-24,2318,9617,624,257
2021-05-25,8891,16539,792,317
2021-05-26,6187,14681,897,101
2021-05-27,9095,7738,618,372
2021-05-28,6274,18566,790,231
2021-05-29,6237,6932,763,237
2021-05-30,5839,7714,769,93
2021-05-31,3889,2648,205,185
2021-06-01,4325,14890,995,250
2021-06-02,9712,9570,522,181
2021-06-03,8523,14148,339,339
2021-06-04,4945,11598,324,295
2021-06-05,4353,19273,275,223
2021-06-06,5909,18841,104,223
2021-06-07,1261,15688,322,351
2021-06-08,8817,9267,408,94
2021-06-09,8931,11375,581,121
2021-06-10,6964,2782,860,465
2021-06-11,2557,12563,201,272
2021-06-12,8881,9521,365,410
2021-06-13,8861,18178,937,476
2021-06-14,6538,19888,911,145
2021-06-15,5475,15482,852,449
2021-06-16,5802,17741,131,360
2021-06-17,3168,2309,503,326
2021-06-18,7096,18564,344,68
2021-06-19,5824,11674,150,123
2021-06-20,5193,8358,163,335
2021-06-21,1056,6200,197,393
2021-06-22,9511,11887,148,389
2021-06-23,3545,10809,335,73
2021-06-24,7591,14345,778,482
2021-06-25,1391,3209,112,447
2021-06-26,6566,11799,483,225
2021-06-27,6331,6103,256,340
2021-06-28,5783,15226,898,251
2021-06-29,5498,18022,975,223
2021-06-30,8128,8912,516,332
2021-07-01,1048,8082,726,160
2021-07-02,1219,15585,757,293
2021-07-03,2034,8421,972,274
2021-07-04,1152,6648,263,180
2021-07-05,1878,12750,294,414
2021-07-06,4489,15902,874,197
2021-07-07,5282,14297,177,367
2021-07-08,1538,3124,151,443
2021-07-09,4450,11008,143,370
2021-07-10,1644,11521,176,81
2021-07-11,6498,8356,526,453
2021-07-12,7542,5441,215,268
2021-07-13,9414,15524,285,497
2021-07-14,5144,6538,286,219
2021-07-15,1456,15492,850,72
2021-07-16,6404,9453,764,299
2021-07-17,6060,10199,347,154
2021-07-18,8704,17445,440,247
2021-07-19,2496,8174,302,302
2021-07-20,4062,11241,857,264
2021-07-21,1229,9031,961,243
2021-07-22,2470,10159,530,176
2021-07-23,9770,13703,443,201
2021-07-24,1416,9956,269,199
2021-07-25,9635,10574,887,154
2021-07-26,7265,7316,669,332
2021-07-27,1871,16619,279,392
2021-07-28,5909,16825,292,415
2021-07-29,7910,7695,605,215
2021-07-30,1359,10529,308,251
2021-07-31,6243,5165,338,343
2021-08-01,3215,13338,752,382
2021-08-02,9043,6236,385,52
2021-08-03,3164,8976,228,228
2021-08-04,5887,2892,259,425
2021-08-05,2679,9781,195,282
2021-08-06,3674,16872,293,94
2021-08-07,9011,10119,542,52
2021-08-08,9770,15645,427,104
2021-08-09,5157,10146,140,112
2021-08-10,1615,18706,919,112
2021-08-11,8689,6108,503,351
2021-08-12,5321,5417,817,431
2021-08-13,9439,7407,511,163
2021-08-14,6166,4973,788,330
2021-08-15,7130,15528,956,323
2021-08-16,8642,13265,616,140
2021-08-17,5102,12056,381,199
2021-08-18,7049,8800,504,440
2021-08-19,9471,8191,936,254
2021-08-20,2979,9522,972,68
2021-08-21,6999,14433,974,319
2021-08-22,9349,12300,125,495
2021-08-23,7628,8838,939,331
2021-08-24,9090,16059,292,446
2021-08-25,8415,6601,963,466
2021-08-26,2608,17165,124,116
2021-08-27,3025,19716,261,383
2021-08-28,9971,17219,400,377
2021-08-29,9937,15272,380,412
2021-08-30,1814,17406,223,276
2021-08-31,7482,12406,251,370
2021-09-01,5338,3097,219,128
2021-09-02,3922,16195,333,245
2021-09-03,7055,19013,352,405
2021-09-04,9718,13178,521,384
2021-09-05,6033,3868,543,288
2021-09-06,5435,12313,413,475
2021-09-07,1049,6733,519,436
2021-09-08,7219,14111,451,309
2021-09-09,7261,15920,175,141
2021-09-10,9994,14940,290,360
2021-09-11,6560,6862,161,206
2021-09-12,1422,3756,544,160
2021-09-13,7390,13259,307,154
2021-09-14,9460,7185,794,484
2021-09-15,2473,8374,209,195
2021-09-16,7833,11758,578,391
2021-09-17,1422,10805,557,372
2021-09-18,3292,7622,702,477
2021-09-19,6245,4744,673,77
2021-09-20,6227,7037,587,420
2021-09-21,7595,19492,123,392
2021-09-22,6214,14055,751,366
2021-09-23,8990,2887,964,401
2021-09-24,9286,13147,249,347
2021-09-25,6960,5298,400,456
2021-09-26,4579,2604,730,453
2021-09-27,4651,10370,231,205
2021-09-28,5075,8732,327,250
2021-09-29,9628,13164,551,151
2021-09-30,2537,13830,670,414
2021-10-01,6082,8420,798,329
2021-10-02,5603,19979,247,57
2021-10-03,7135,7719,667,50
2021-10-04,4023,11747,191,70
2021-10-05,1938,9613,235,231
2021-10-06,1814,6611,582,373
2021-10-07,9545,10837,307,444
2021-10-08,8608,16052,918,269
2021-10-09,4124,10166,620,367
2021-10-10,5867,10253,747,360
2021-10-11,9896,16426,613,246
2021-10-12,3309,19121,923,423
2021-10-13,2234,12528,968,224
2021-10-14,7402,17755,775,166
2021-10-15,3299,7548,905,170
2021-10-16,4632,6551,713,405
2021-10-17,8371,13930,608,309
2021-10-18,8312,15383,492,434
2021-10-19,9085,17126,245,59
2021-10-20,1666,7646,263,291
2021-10-21,5362,16967,889,474
2021-10-22,2006,17170,415,166
2021-10-23,7117,11844,202,300
2021-10-24,4763,6290,489,94
2021-10-25,4801,3368,955,383
2021-10-26,9819,8510,704,94
2021-10-27,4405,18054,157,253
2021-10-28,1329,4011,585,105
2021-10-29,7190,19213,993,157
2021-10-30,1422,2185,507,438
2021-10-31,2122,18640,239,407
2021-11-01,7157,5214,608,264
2021-11-02,8618,6473,475,104
2021-11-03,2505,4937,669,137
2021-11-04,1376,6671,511,331
2021-11-05,2835,12201,316,99
2021-11-06,7410,15026,524,294
2021-11-07,5606,8554,315,482
2021-11-08,5762,7998,723,397
2021-11-09,6724,14693,123,246
2021-11-10,7558,8102,658,495
2021-11-11,6782,4057,110,449
2021-11-12,7779,10266,118,151
2021-11-13,4002,18300,245,403
2021-11-14,8648,11000,868,463
2021-11-15,2199,16066,958,343
2021-11-16,2725,3405,590,337
2021-11-17,6893,15847,465,119
2021-11-18,7599,19300,685,405
2021-11-19,2130,4302,875,100
2021-11-20,3354,4576,489,151
2021-11-21,4918,18948,312,296
2021-11-22,5145,2899,694,218
2021-11-23,6129,15263,347,316
2021-11-24,6312,12751,153,140
2021-11-25,1652,6900,788,172
2021-11-26,7437,7774,475,131
2021-11-27,9371,12345,545,385
2021-11-28,8942,14018,937,306
2021-11-29,3565,9533,363,432
2021-11-30,8238,12229,571,353
2021-12-01,5224,4766,436,125
2021-12-02,7555,13658,909,299
2021-12-03,1139,12245,253,314
2021-12-04,2234,16652,807,496
2021-12-05,5217,11959,251,482
2021-12-06,4323,15827,166,249
2021-12-07,9807,9218,138,131
2021-12-08,9852,4063,752,406
2021-12-09,1872,16367,653,183
2021-12-10,6266,9569,752,94
2021-12-11,5435,15296,502,481
2021-12-12,6549,12168,517,211
2021-12-13,7432,3741,172,369
2021-12-14,3445,15277,555,428
2021-12-15,6229,15544,128,354
2021-12-16,9777,16789,209,221
2021-12-17,8927,17037,959,255
2021-12-18,7987,2256,728,299
2021-12-19,8651,15033,235,151
2021-12-20,1965,19219,737,408
2021-12-21,1546,14880,628,404
2021-12-22,3294,17471,572,316
2021-12-23,1071,18304,267,349
2021-12-24,4373,17354,329,165
2021-12-25,5770,12546,894,252
2021-12-26,2160,11745,163,223
2021-12-27,8896,16817,782,409
2021-12-28,5144,7243,363,182
2021-12-29,9638,8965,128,397
2021-12-30,8067,6321,685,143
2021-12-31,9038,8140,558,234
2022-01-01,5584,4998,514,487
2022-01-02,3021,12877,930,282
2022-01-03,7917,18919,181,296
2022-01-04,9685,6567,511,68
2022-01-05,2125,16252,774,464
2022-01-06,6166,14964,532,159
2022-01-07,9725,6201,761,386
2022-01-08,5396,18006,459,109
2022-01-09,6166,16460,977,315
2022-01-10,6061,19577,434,301
2022-01-11,1708,11676,459,341
2022-01-12,6779,4716,308,174
2022-01-13,7238,11913,712,123
2022-01-14,8807,19115,345,126
2022-01-15,8348,14380,313,423
2022-01-16,7863,13975,837,402
2022-01-17,7064,10669,751,296
2022-01-18,5960,11446,670,490
2022-01-19,8458,15182,356,246
2022-01-20,3913,16738,664,472
2022-01-21,1413,18107,741,256
2022-01-22,3219,9533,321,75
2022-01-23,1081,6453,451,368
2022-01-24,3693,19226,449,469
2022-01-25,9762,10701,805,127
2022-01-26,7885,3219,909,338
2022-01-27,3782,11462,443,281
2022-01-28,6570,7004,111,99
2022-01-29,9948,15092,574,399
2022-01-30,8388,7324,212,118
2022-01-31,6863,15382,486,177
2022-02-01,2557,18137,244,430
2022-02-02,8638,10534,512,151
2022-02-03,9875,16324,517,262
2022-02-04,8567,9888,938,468
2022-02-05,8967,14392,724,112
2022-02-06,8900,14533,100,386
2022-02-07,3303,16189,174,218
2022-02-08,8132,8215,831,107
2022-02-09,7784,3969,922,494
2022-02-10,5504,19693,403,132
2022-02-11,5928,18604,771,483
2022-02-12,2253,2120,128,122
2022-02-13,5563,19112,193,384
2022-02-14,1409,15849,580,180
2022-02-15,4756,10469,565,469
2022-02-16,4603,11697,979,498
2022-02-17,4887,16410,432,159
2022-02-18,3636,4841,229,86
2022-02-19,3880,14476,716,451
2022-02-20,3139,18139,555,463
2022-02-21,9642,9602,398,252
2022-02-22,6739,16049,853,119
2022-02-23,1771,14758,781,169
2022-02-24,8946,8836,502,324
2022-02-25,4238,14516,736,364
2022-02-26,1459,14944,137,112
2022-02-27,7514,2600,116,293
2022-02-28,4248,4000,513,249
2022-03-01,8239,19350,536,64
2022-03-02,4525,10483,940,215
2022-03-03,1032,8362,539,365
2022-03-04,7019,18111,264,181
2022-03-05,9062,12177,983,320
2022-03-06,5781,14720,824,385
2022-03-07,6391,18525,535,252
2022-03-08,4334,15946,654,331
2022-03-09,7558,12969,646,72
2022-03-10,7718,7024,473,245
2022-03-11,7945,14377,266,385
2022-03-12,1439,7237,655,457
2022-03-13,4416,9368,646,285
2022-03-14,7962,18597,790,233
2022-03-15,3560,2444,502,110
2022-03-16,1912,12051,684,73
2022-03-17,8822,17337,365,329
2022-03-18,7853,11589,434,323
2022-03-19,7361,9184,747,412
2022-03-20,7212,6761,740,144
2022-03-21,4286,18760,368,240
2022-03-22,5592,5187,777,191
2022-03-23,6120,14780,596,398
2022-03-24,4157,9920,710,159
2022-03-25,8893,5559,875,215
2022-03-26,3541,10536,293,74
2022-03-27,4264,17237,362,351
2022-03-28,3816,4338,919,444
2022-03-29,8196,9954,815,205
2022-03-30,6381,17096,870,164
2022-03-31,2181,15627,229,318
2022-04-01,4945,14070,562,161
2022-04-02,6286,16943,821,106
2022-04-03,2296,10434,394,393
2022-04-04,8932,17467,140,429
2022-04-05,6983,11138,501,73
2022-04-06,1977,19000,570,395
2022-04-07,6553,19157,660,175
2022-04-08,8302,6180,227,361
2022-04-09,4449,3242,261,448
2022-04-10,2807,13587,993,425
2022-04-11,4456,8443,409,327
2022-04-12,4817,8597,461,291
2022-04-13,1927,2908,992,424
2022-04-14,6267,2175,355,103
2022-04-15,8921,2938,963,451
2022-04-16,7301,16739,497,142
2022-04-17,9657,13602,358,420
2022-04-18,1069,17756,403,468
2022-04-19,6927,8366,727,449
2022-04-20,2431,15112,529,403
2022-04-21,6889,13640,677,354
2022-04-22,1410,10682,556,129
2022-04-23,8502,17009,168,274
2022-04-24,7937,13977,891,159
2022-04-25,6526,5834,583,417
2022-04-26,5834,17018,537,360
2022-04-27,1253,17452,245,230
2022-04-28,1617,16920,796,419
2022-04-29,9744,8195,613,387
2022-04-30,2802,6602,188,456
2022-05-01,1476,18209,407,100
2022-05-02,5215,8712,232,151
2022-05-03,7983,16544,420,233
2022-05-04,2820,8845,528,302
2022-05-05,4914,17882,145,245
2022-05-06,8907,16258,421,75
2022-05-07,5841,11472,810,468
2022-05-08,8201,3003,971,478
2022-05-09,8517,9956,703,124
2022-05-10,1211,15848,231,147
2022-05-11,4134,6567,566,182
2022-05-12,5034,12386,569,203
2022-05-13,1439,5871,224,348
2022-05-14,1876,15199,798,197
2022-05-15,4723,11475,167,487
2022-05-16,9750,13923,374,305
2022-05-17,2465,7079,986,242
2022-05-18,4100,17501,813,291
2022-05-19,9910,6913,299,438
2022-05-20,7979,2753,627,309
2022-05-21,1323,14755,713,353
2022-05-22,1643,2126,566,75
2022-05-23,8630,5341,116,306
2022-05-24,3797,19201,323,245
2022-05-25,1777,14557,939,272
2022-05-26,8934,9167,220,276
2022-05-27,3897,10581,899,95
2022-05-28,1579,12692,548,100
2022-05-29,5545,16960,714,123
2022-05-30,6242,16228,478,143
2022-05-31,6293,11562,118,277
2022-06-01,1945,11232,218,135
2022-06-02,4632,2120,578,347
2022-06-03,7734,4682,158,238
2022-06-04,1164,17059,298,359
2022-06-05,7288,5992,953,395
2022-06-06,4858,12282,479,385
2022-06-07,7037,17909,466,168
2022-06-08,9180,11763,328,327
2022-06-09,6580,14039,913,331
2022-06-10,5724,2443,627,490
2022-06-11,7122,10571,451,339
2022-06-12,6586,19963,711,388
2022-06-13,7803,11480,635,384
2022-06-14,2866,5302,368,374
2022-06-15,8980,14427,395,105
2022-06-16,9749,18209,205,283
2022-06-17,5684,2078,346,240
2022-06-18,3292,14101,151,467
2022-06-19,2767,14656,759,466
2022-06-20,8820,9082,185,386
2022-06-21,7087,16730,535,69
2022-06-22,2167,4923,159,273
2022-06-23,1937,13010,154,284
2022-06-24,9713,18805,989,449
2022-06-25,9780,19519,257,100
2022-06-26,7570,10508,823,51
2022-06-27,1035,15451,285,265
2022-06-28,9686,7996,740,400
2022-06-29,8461,8976,997,420
2022-06-30,3779,4587,271,274
2022-07-01,3884,14056,156,135
2022-07-02,4223,14239,435,454
2022-07-03,5326,11352,300,394
2022-07-04,3982,7222,951,423
2022-07-05,2634,17928,853,248
2022-07-06,6774,11555,545,296
2022-07-07,1248,19269,805,94
2022-07-08,1346,6268,981,342
2022-07-09,5816,2355,984,396
2022-07-10,6173,15455,438,299
2022-07-11,5242,3867,769,170
2022-07-12,1297,17905,814,221
2022-07-13,3036,5420,802,434
2022-07-14,3952,9135,550,358
2022-07-15,6117,11620,737,352
2022-07-16,4587,2537,120,332
2022-07-17,6245,12967,546,89
2022-07-18,1805,16950,537,417
2022-07-19,1649,10239,642,309
2022-07-20,8734,11067,223,448
2022-07-21,4555,17619,561,396
2022-07-22,6540,7081,383,182
2022-07-23,6527,8188,136,242
2022-07-24,8823,7451,869,301
2022-07-25,2656,15985,257,308
2022-07-26,5125,8140,664,187
2022-07-27,3848,19059,955,418
2022-07-28,8462,12258,523,430
2022-07-29,8306,5169,616,482
2022-07-30,4176,10773,488,338
2022-07-31,2739,17879,265,60
2022-08-01,9431,10384,974,325
2022-08-02,7010,4011,191,328
2022-08-03,5320,4252,684,154
2022-08-04,3948,12728,830,303
2022-08-05,4982,17449,825,317
2022-08-06,4014,16910,758,161
2022-08-07,2606,15868,908,485
2022-08-08,6982,7959,631,93
2022-08-09,6925,15717,957,278
2022-08-10,3528,11241,451,211
2022-08-11,7600,8603,351,73
2022-08-12,5165,8769,873,169
2022-08-13,6316,5373,727,67
2022-08-14,9316,10599,141,323
2022-08-15,8399,8881,214,310
2022-08-16,7719,12517,746,380
2022-08-17,6007,6422,268,179
2022-08-18,8772,3235,835,142
2022-08-19,2316,6040,537,294
2022-08-20,5513,6079,156,468
2022-08-21,3331,17199,924,193
2022-08-22,5263,18729,248,496
2022-08-23,8295,9284,848,203
2022-08-24,3926,16965,470,434
2022-08-25,7831,2625,491,446
2022-08-26,2755,9416,318,376
2022-08-27,5862,15382,277,274
2022-08-28,6377,8278,370,329
2022-08-29,7315,4072,554,202
2022-08-30,9742,18767,754,484
2022-08-31,9162,9239,385,497
2022-09-01,4294,8763,486,377
2022-09-02,2316,10644,768,66
2022-09-03,2543,11316,952,250
2022-09-04,4379,18088,926,485
2022-09-05,7319,3641,899,221
2022-09-06,9537,9162,515,369
2022-09-07,7478,2229,699,421
2022-09-08,6273,14177,156,318
2022-09-09,5689,11093,379,153
2022-09-10,7016,5873,852,125
2022-09-11,6634,9827,510,403
2022-09-12,4145,19592,251,475
2022-09-13,4091,17646,629,429
2022-09-14,8198,11002,692,52
2022-09-15,2006,17842,905,368
2022-09-16,6059,12850,585,353
2022-09-17,6335,8968,585,428
2022-09-18,2755,3134,740,55
2022-09-19,1601,8884,920,88
2022-09-20,4964,2258,470,305
2022-09-21,5327,16508,937,275
2022-09-22,3097,2705,823,120
2022-09-23,2721,5818,939,371
2022-09-24,7639,10545,195,193
2022-09-25,5275,7296,575,184
2022-09-26,1277,7687,985,137
2022-09-27,8186,11018,869,470
2022-09-28,8327,13211,964,419
2022-09-29,5519,6758,688,455
2022-09-30,3099,17916,300,56
2022-10-01,3775,12759,847,274
2022-10-02,3528,7436,601,359
2022-10-03,7502,16613,520,450
2022-10-04,7302,5809,378,346
2022-10-05,2831,2695,558,459
2022-10-06,2456,14951,372,299
2022-10-07,2106,8815,632,288
2022-10-08,4998,19672,473,421
2022-10-09,2736,11789,576,79
2022-10-10,6234,17490,697,367
2022-10-11,5606,18162,786,203
2022-10-12,5267,3527,811,287
2022-10-13,2776,14049,603,381
2022-10-14,6398,18372,923,136
2022-10-15,7458,12764,874,413
2022-10-16,6494,19557,191,239
2022-10-17,2300,2887,677,298
2022-10-18,1000,16154,829,426
2022-10-19,5119,17440,464,428
2022-10-20,2969,7379,557,221
2022-10-21,7863,9688,749,208
2022-10-22,3950,9751,687,458
2022-10-23,2205,13645,648,104
2022-10-24,6944,13776,824,301
2022-10-25,7492,9498,334,331
2022-10-26,2835,18910,629,354
2022-10-27,5828,12567,504,111
2022-10-28,7778,5095,322,75
2022-10-29,7211,12905,311,261
2022-10-30,6084,12993,631,344
2022-10-31,2238,13782,901,283
2022-11-01,8873,12638,173,142
2022-11-02,1142,12573,351,444
2022-11-03,9289,2424,333,256
2022-11-04,7243,12065,571,76
2022-11-05,7112,17149,472,199
2022-11-06,1169,13009,710,462
2022-11-07,6456,17209,252,415
2022-11-08,7686,3481,219,345
2022-11-09,9467,12757,848,331
2022-11-10,6427,7255,808,74
2022-11-11,7437,15462,639,348
2022-11-12,8588,13255,274,371
2022-11-13,6955,10700,205,58
2022-11-14,5959,8292,202,327
2022-11-15,1485,11247,986,156
2022-11-16,6846,5399,943,276
2022-11-17,6288,10455,451,108
2022-11-18,5092,9319,730,435
2022-11-19,2065,7770,149,130
2022-11-20,6635,19498,594,465
2022-11-21,9643,14548,235,83
2022-11-22,9054,10600,874,383
2022-11-23,2789,9668,465,326
2022-11-24,8561,15739,770,490
2022-11-25,5266,4558,772,265
2022-11-26,2827,8838,447,68
2022-11-27,3144,13381,163,263
2022-11-28,7122,4144,872,183
2022-11-29,6581,9974,905,381
2022-11-30,3491,15886,456,253
2022-12-01,6536,10078,992,266
2022-12-02,1775,16680,863,354
2022-12-03,2049,11385,765,333
2022-12-04,6622,19941,151,145
2022-12-05,5713,18660,788,191
2022-12-06,3910,13190,376,82
2022-12-07,7817,10038,598,458
2022-12-08,6466,16164,180,411
2022-12-09,8803,10377,619,497
2022-12-10,5423,3829,389,280
2022-12-11,5953,6974,619,329
2022-12-12,7289,7668,719,240
2022-12-13,9921,5315,774,430
2022-12-14,1845,16397,646,387
2022-12-15,4556,11952,642,302
2022-12-16,2529,12215,226,356
2022-12-17,4742,7611,303,89
2022-12-18,4196,4788,647,326
2022-12-19,1481,12130,279,54
2022-12-20,6298,16543,995,373
2022-12-21,2303,5158,582,351
2022-12-22,7814,2761,962,470
2022-12-23,7073,11497,585,470
2022-12-24,7961,14553,260,310
2022-12-25,8332,5629,270,326
2022-12-26,4552,2237,755,175
2022-12-27,9789,5294,983,252
2022-12-28,7531,8496,466,300
2022-12-29,3870,14158,855,463
2022-12-30,1719,18049,584,360
2022-12-31,2303,2697,126,254
2023-01-01,1015,10982,487,88
2023-01-02,1646,17696,439,161
2023-01-03,7477,2925,744,327
2023-01-04,7124,8843,824,53
2023-01-05,7562,11081,596,310
2023-01-06,6224,4428,353,114
2023-01-07,8598,2204,980,399
2023-01-08,7074,14433,298,221
2023-01-09,7689,2169,275,327
2023-01-10,4161,15936,954,177
2023-01-11,4776,18845,275,482
2023-01-12,8390,2375,384,142
2023-01-13,9500,3128,644,102
2023-01-14,2586,11632,681,195
2023-01-15,2868,11053,960,163
2023-01-16,9274,2319,644,129
2023-01-17,4608,3710,397,212
2023-01-18,5938,5663,724,224
2023-01-19,4636,13509,787,297
2023-01-20,9279,17780,877,384
2023-01-21,2036,6726,768,332
2023-01-22,7495,11004,439,227
2023-01-23,5267,18173,159,392
2023-01-24,5077,12330,101,243
2023-01-25,6280,15611,690,396
2023-01-26,3137,8119,930,462
2023-01-27,6757,5267,906,184
2023-01-28,7595,11286,374,74
2023-01-29,9442,17974,807,254
2023-01-30,7652,12810,744,143
2023-01-31,4848,9477,703,192
2023-02-01,5898,19635,688,322
2023-02-02,2788,7074,278,234
2023-02-03,9836,6523,427,328
2023-02-04,5488,17429,515,408
2023-02-05,3716,11714,284,269
2023-02-06,9395,16815,779,251
2023-02-07,2837,16601,455,78
2023-02-08,4312,10920,460,366
2023-02-09,2793,15810,355,250
2023-02-10,1297,7647,556,147
2023-02-11,9893,17502,550,97
2023-02-12,4875,13267,402,163
2023-02-13,6861,9521,799,104
2023-02-14,2112,12732,672,426
2023-02-15,1446,16654,365,95
2023-02-16,7063,19840,250,205
2023-02-17,2359,14063,780,102
2023-02-18,3058,8698,153,282
2023-02-19,3726,13262,685,276
2023-02-20,6563,16376,515,302
2023-02-21,7518,19488,528,336
2023-02-22,9163,17530,922,254
2023-02-23,5274,5373,473,110
2023-02-24,8866,13352,694,54
2023-02-25,8450,15585,312,95
2023-02-26,5509,4392,297,478
2023-02-27,9878,9722,699,97
2023-02-28,3272,3263,463,355
2023-03-01,1599,18493,339,331
2023-03-02,8993,14243,206,388
2023-03-03,4847,5244,190,51
2023-03-04,8886,3439,496,94
2023-03-05,2385,4507,722,485
2023-03-06,5187,7318,491,283
2023-03-07,3017,7803,251,295
2023-03-08,2225,15692,430,350
2023-03-09,2639,16292,184,72
2023-03-10,4830,17514,971,485
2023-03-11,9965,13588,895,69
2023-03-12,7641,12874,882,87
2023-03-13,9192,3182,500,369
2023-03-14,5640,2779,852,441
2023-03-15,7601,5849,790,251
2023-03-16,2547,4908,526,193
2023-03-17,7350,17137,795,64
2023-03-18,8767,14198,959,294
2023-03-19,8573,7146,571,110
2023-03-20,4306,19431,245,285
2023-03-21,1636,7177,855,336
2023-03-22,9291,12961,903,75
2023-03-23,1634,3778,373,461
2023-03-24,5401,17957,190,443
2023-03-25,9788,18702,546,437
2023-03-26,7568,4675,665,452
2023-03-27,6037,5953,215,335
2023-03-28,3141,6914,733,201
2023-03-29,6274,5363,427,364
2023-03-30,9548,17716,986,489
2023-03-31,1583,9684,813,476
2023-04-01,2380,17873,503,157
2023-04-02,4196,9455,640,481
2023-04-03,6698,8107,606,202
2023-04-04,1242,12629,293,66
2023-04-05,3591,6156,267,300
2023-04-06,7361,4576,242,249
2023-04-07,1141,7721,437,312
2023-04-08,2814,6467,125,311
2023-04-09,5186,3978,579,162
2023-04-10,4794,13191,407,104
2023-04-11,6345,8025,513,246
2023-04-12,8036,13602,863,376
2023-04-13,4708,11976,977,423
2023-04-14,6012,12009,597,423
2023-04-15,9428,2190,286,249
2023-04-16,6469,9708,970,375
2023-04-17,8135,18480,509,219
2023-04-18,5160,8956,518,233
2023-04-19,4334,7127,221,292
2023-04-20,3267,10450,180,422
2023-04-21,8870,9543,218,454
2023-04-22,2966,16161,831,107
2023-04-23,6483,11789,661,96
2023-04-24,3414,5158,330,70
2023-04-25,9360,5978,596,166
2023-04-26,5512,13783,897,491
2023-04-27,7713,4417,762,132
2023-04-28,6538,17018,732,51
2023-04-29,2390,10239,220,244
2023-04-30,7733,18115,695,429
2023-05-01,5355,9308,321,391
2023-05-02,1384,12270,295,174
2023-05-03,8819,2367,556,403
2023-05-04,9909,3169,424,266
2023-05-05,2912,12991,271,472
2023-05-06,7226,13759,878,112
2023-05-07,2899,16657,115,250
2023-05-08,8977,5548,516,139
2023-05-09,5856,15447,652,469
2023-05-10,9712,19585,268,149
2023-05-11,3772,4203,998,323
2023-05-12,2934,13698,939,314
2023-05-13,9309,3223,585,389
2023-05-14,9429,18669,545,496
2023-05-15,4009,3775,388,413
2023-05-16,6305,15140,563,496
2023-05-17,3108,11721,728,313
2023-05-18,8812,17176,837,363
2023-05-19,6269,11223,357,294
2023-05-20,1319,15700,403,76
2023-05-21,2808,8890,453,369
2023-05-22,1013,3945,711,414
2023-05-23,4626,9711,949,372
2023-05-24,8595,4505,834,327
2023-05-25,6725,17704,261,259
2023-05-26,3401,10721,130,221
2023-05-27,1159,2154,606,484
2023-05-28,6769,12184,580,402
2023-05-29,5159,6652,651,146
2023-05-30,5173,4495,703,395
2023-05-31,2555,5142,353,191
2023-06-01,8403,5509,223,455
2023-06-02,7857,19928,132,177
2023-06-03,6881,7909,651,166
2023-06-04,8873,6485,130,403
2023-06-05,3935,3134,273,438
2023-06-06,6409,15529,137,217
2023-06-07,5843,15691,369,346
2023-06-08,7401,3912,611,335
2023-06-09,2277,13882,521,268
2023-06-10,1937,9421,340,242
2023-06-11,8686,12918,850,139
2023-06-12,3154,9299,883,378
2023-06-13,4545,4909,123,464
2023-06-14,1981,7845,210,214
2023-06-15,7937,13682,993,395
2023-06-16,2244,18112,266,357
2023-06-17,8619,17214,469,153
2023-06-18,5734,11067,415,130
2023-06-19,5842,10637,610,351
2023-06-20,5472,8801,887,377
2023-06-21,6714,5381,686,408
2023-06-22,5324,10818,256,437
2023-06-23,3555,14472,145,272
2023-06-24,9000,8468,475,282
2023-06-25,2071,13761,470,306
2023-06-26,3949,6829,841,162
2023-06-27,3200,3808,418,139
2023-06-28,7731,14871,868,395
2023-06-29,1629,4861,681,472
2023-06-30,5135,16671,330,409
2023-07-01,5158,16747,303,317
2023-07-02,8260,9631,186,394
2023-07-03,9110,8373,327,278
2023-07-04,2734,14714,844,483
2023-07-05,3838,2856,520,70
2023-07-06,8596,7883,374,64
2023-07-07,7782,14552,131,140
2023-07-08,1857,9785,888,321
2023-07-09,6069,10092,254,143
2023-07-10,5747,2053,745,473
2023-07-11,4153,2669,756,143
2023-07-12,8376,12633,521,127
2023-07-13,5861,6093,366,124
2023-07-14,4139,13023,945,345
2023-07-15,8295,6887,564,493
2023-07-16,1290,10416,229,417
2023-07-17,2562,14866,338,430
2023-07-18,4972,2241,109,244
2023-07-19,9382,9976,613,51
2023-07-20,1767,11074,940,483
2023-07-21,5303,13531,477,474
2023-07-22,4534,5752,816,218
2023-07-23,9985,14091,552,398
2023-07-24,4217,14321,565,421
2023-07-25,9033,6113,220,87
2023-07-26,4581,7373,931,235
2023-07-27,8379,5537,204,79
2023-07-28,2336,3307,478,170
2023-07-29,2031,6729,283,324
2023-07-30,7199,13708,152,457
2023-07-31,9793,13100,596,62
2023-08-01,9775,2075,167,203
2023-08-02,2484,7241,621,436
2023-08-03,9626,2225,514,206
2023-08-04,6902,11304,297,157
2023-08-05,1323,6596,564,142
2023-08-06,9053,5024,552,370
2023-08-07,2851,15561,417,51
2023-08-08,5536,7048,998,341
2023-08-09,3628,17350,584,56
2023-08-10,3616,9162,476,254
2023-08-11,2879,8358,931,219
2023-08-12,1191,15338,186,195
2023-08-13,2589,17005,919,264
2023-08-14,9908,7351,281,260
2023-08-15,7325,10804,826,474
2023-08-16,9919,4022,662,461
2023-08-17,6502,6630,989,217
2023-08-18,2012,7544,790,316
2023-08-19,8096,9949,764,292
2023-08-20,1227,17826,292,248
2023-08-21,4867,8729,470,391
2023-08-22,9737,3966,388,116
2023-08-23,4743,10806,323,317
2023-08-24,6911,5157,865,475
2023-08-25,7859,8724,699,178
2023-08-26,1257,17656,521,290
2023-08-27,6265,6868,259,448
2023-08-28,1351,2364,649,496
2023-08-29,3659,2908,972,214
2023-08-30,5946,17531,382,355
2023-08-31,7420,19305,263,469
2023-09-01,2072,13901,450,134
2023-09-02,2223,19801,852,354
2023-09-03,2195,2632,774,180
2023-09-04,6129,18195,302,444
2023-09-05,7819,9605,271,476
2023-09-06,4342,4390,619,222
2023-09-07,7089,17545,251,336
2023-09-08,7267,18061,136,82
2023-09-09,3538,4643,606,72
2023-09-10,7082,4540,394,122
2023-09-11,8091,9899,588,458
2023-09-12,7110,5408,503,296
2023-09-13,9823,7254,812,335
2023-09-14,5061,3833,627,427
2023-09-15,4567,4745,831,286
2023-09-16,2118,15764,341,486
2023-09-17,7456,3823,958,215
2023-09-18,5026,17768,536,80
2023-09-19,8662,10842,805,350
2023-09-20,2081,9253,341,391
2023-09-21,9350,19727,567,479
2023-09-22,6832,7813,353,264
2023-09-23,6954,6648,767,346
2023-09-24,5270,8979,592,371
2023-09-25,6260,18770,336,188
2023-09-26,6931,11107,924,237
2023-09-27,5954,6335,537,58
2023-09-28,6885,4380,911,358
2023-09-29,5444,19637,537,241
2023-09-30,2618,19419,754,204
2023-10-01,9472,18890,825,465
2023-10-02,9150,11454,239,328
2023-10-03,6550,8672,695,363
2023-10-04,2404,11132,606,98
2023-10-05,9746,8013,160,205
2023-10-06,3797,3541,897,59
2023-10-07,6430,5921,209,265
2023-10-08,6591,6987,756,247
2023-10-09,2261,7563,259,387
2023-10-10,6014,19132,953,443
2023-10-11,2116,8814,133,225
2023-10-12,5353,10336,344,96
2023-10-13,9236,10294,363,418
2023-10-14,5965,12649,238,319
2023-10-15,3600,11563,636,58
2023-10-16,9150,4234,503,325
2023-10-17,5579,11719,579,305
2023-10-18,5708,17776,842,330
2023-10-19,4748,18354,890,219
2023-10-20,8625,19475,768,347
2023-10-21,5219,6020,882,208
2023-10-22,6312,9080,961,224
2023-10-23,7561,12547,422,382
2023-10-24,1298,16726,264,343
2023-10-25,4711,7724,385,440
2023-10-26,2670,17081,114,248
2023-10-27,6223,10391,562,143
2023-10-28,3096,18233,865,125
2023-10-29,3042,12341,328,439
2023-10-30,4401,7905,384,475
2023-10-31,6025,10992,283,293
2023-11-01,2462,13842,252,193
2023-11-02,3341,10098,721,368
2023-11-03,4889,19675,466,244
2023-11-04,1431,8965,130,386
2023-11-05,9616,8105,282,459
2023-11-06,3488,8582,730,269
2023-11-07,7465,9626,510,208
2023-11-08,2959,18379,501,467
2023-11-09,9932,5873,835,481
2023-11-10,5068,2859,303,147
2023-11-11,4046,12202,595,426
2023-11-12,8464,16291,828,406
2023-11-13,5664,12547,636,215
2023-11-14,9934,12229,385,60
2023-11-15,4584,7200,669,328
2023-11-16,3738,2628,295,410
2023-11-17,2643,17453,780,231
2023-11-18,5173,10250,714,240
2023-11-19,5162,3044,549,475
2023-11-20,1549,2808,216,91
2023-11-21,8910,10997,165,150
2023-11-22,1214,15759,680,178
2023-11-23,9715,12012,292,159
2023-11-24,3670,17527,305,337
2023-11-25,4903,16790,906,334
2023-11-26,1373,13092,209,102
2023-11-27,7875,12646,704,139
2023-11-28,4122,9690,223,70
2023-11-29,7752,17792,377,356
2023-11-30,2864,8326,951,365
2023-12-01,7590,5814,211,175
2023-12-02,6170,16910,757,466
2023-12-03,1039,19036,426,453
2023-12-04,4516,10849,671,314
2023-12-05,3550,2522,437,166
2023-12-06,3507,14137,623,460
2023-12-07,6569,11507,895,364
2023-12-08,4332,2807,632,478
2023-12-09,8055,7342,849,102
2023-12-10,3794,18985,265,496
2023-12-11,9792,19572,304,214
2023-12-12,4424,17286,630,283
2023-12-13,7232,13891,437,158
2023-12-14,7420,19892,811,399
2023-12-15,4997,19613,132,55
2023-12-16,6802,5189,977,290
2023-12-17,4328,3475,176,268
2023-12-18,7598,17917,945,480
2023-12-19,1516,14882,252,98
2023-12-20,6146,14019,499,433
2023-12-21,9636,16529,641,261
2023-12-22,6419,5260,167,195
2023-12-23,1202,10669,798,181
2023-12-24,1090,16620,467,154
2023-12-25,7167,19660,867,232
2023-12-26,7379,6299,322,479
2023-12-27,5626,6236,682,155
2023-12-28,4002,6570,485,377
2023-12-29,3149,3748,852,369
2023-12-30,7972,12146,569,204
2023-12-31,3232,11120,587,292
2024-01-01,2628,9161,671,187
2024-01-02,8722,7293,472,205
2024-01-03,2668,4332,283,177
2024-01-04,8623,13991,725,466
2024-01-05,6449,11473,615,395
2024-01-06,4499,14383,584,308
2024-01-07,3371,12859,347,315
2024-01-08,4762,12124,252,366
2024-01-09,4853,9428,291,240
2024-01-10,8502,2855,538,439
2024-01-11,4136,6662,377,452
2024-01-12,1291,13172,690,274
2024-01-13,2494,8090,252,471
2024-01-14,7770,8566,839,123
2024-01-15,2932,7563,415,89
2024-01-16,1979,17898,462,315
2024-01-17,1817,15753,651,267
2024-01-18,4358,11797,531,318
2024-01-19,8941,2127,942,233
2024-01-20,3294,19398,715,216
2024-01-21,5587,7946,841,461
2024-01-22,1919,2706,332,189
2024-01-23,7455,18641,407,200
2024-01-24,3635,2989,757,365
2024-01-25,7550,15175,446,449
2024-01-26,8256,4629,255,94
2024-01-27,7006,5610,584,61
2024-01-28,4940,14029,176,472
2024-01-29,7220,18493,566,326
2024-01-30,7538,11873,265,451
2024-01-31,2911,11143,892,164
2024-02-01,3831,18456,132,235
2024-02-02,1916,16417,501,452
2024-02-03,4907,10301,154,323
2024-02-04,2037,7117,541,292
2024-02-05,1718,4326,420,119
2024-02-06,7025,14234,977,307
2024-02-07,1447,17924,386,229
2024-02-08,7165,3388,142,459
2024-02-09,5298,11920,684,181
2024-02-10,1641,17472,327,270
2024-02-11,2622,2977,423,63
2024-02-12,4379,11263,174,85
2024-02-13,1561,4973,515,199
2024-02-14,4917,14188,269,302
2024-02-15,1043,13172,909,435
2024-02-16,7291,15728,200,295
2024-02-17,2978,19432,705,235
2024-02-18,6402,8268,531,92
2024-02-19,1645,11131,908,323
2024-02-20,7745,6334,116,387
2024-02-21,4026,17090,951,435
2024-02-22,6991,6678,645,479
2024-02-23,2783,11298,966,354
2024-02-24,2197,3480,204,266
2024-02-25,5959,6547,403,82
2024-02-26,8002,5357,125,359
2024-02-27,7577,9092,493,283
2024-02-28,6949,13753,894,454
2024-02-29,6287,10270,739,326
2024-03-01,7690,16929,637,411
2024-03-02,9485,17109,867,319
2024-03-03,4135,3706,105,437
2024-03-04,7896,5586,665,277
2024-03-05,8054,10763,344,302
2024-03-06,4943,16110,448,89
2024-03-07,5319,19668,955,371
2024-03-08,3767,7275,357,391
2024-03-09,2854,2264,373,129
2024-03-10,1528,13882,651,113
2024-03-11,3019,6270,932,416
2024-03-12,6769,17869,433,253
2024-03-13,3175,4679,913,428
2024-03-14,6011,18840,997,460
2024-03-15,1511,12288,619,68
2024-03-16,6578,16889,358,158
2024-03-17,7302,17741,739,87
2024-03-18,4050,7428,892,117
2024-03-19,2778,16699,442,296
2024-03-20,2753,4019,437,270
2024-03-21,1206,9835,467,459
2024-03-22,3527,10859,572,183
2024-03-23,6750,10172,401,120
2024-03-24,1385,3909,294,143
2024-03-25,8288,7502,564,458
2024-03-26,5184,5767,660,461
2024-03-27,6587,8689,424,494
2024-03-28,1721,5140,369,161
2024-03-29,2428,15109,627,275
2024-03-30,6955,6445,813,232
2024-03-31,9890,15643,748,404
2024-04-01,6149,12201,521,417
2024-04-02,2856,13222,107,370
2024-04-03,6849,10471,732,494
2024-04-04,1132,3074,292,419
2024-04-05,2384,16557,790,208
2024-04-06,3876,19111,743,344
2024-04-07,7485,14633,617,344
2024-04-08,6160,16706,123,426
2024-04-09,1702,3466,924,84
2024-04-10,7192,10584,426,283
2024-04-11,4311,15078,944,413
2024-04-12,6198,9977,542,296
2024-04-13,2780,9530,683,251
2024-04-14,7020,8106,873,118
2024-04-15,6652,4045,872,202
2024-04-16,9890,14872,387,343
2024-04-17,6126,12930,491,391
2024-04-18,3552,18001,227,372
2024-04-19,4047,9303,637,491
2024-04-20,6362,3437,438,286
2024-04-21,1658,2402,489,76
2024-04-22,8477,11092,635,178
2024-04-23,7708,17356,775,233
2024-04-24,6110,17899,951,490
2024-04-25,8297,7742,984,497
2024-04-26,1528,8731,935,358
2024-04-27,7642,5352,862,52
2024-04-28,3144,18867,983,283
2024-04-29,3692,19873,170,358
2024-04-30,8140,18260,667,273
2024-05-01,2381,6963,375,367
2024-05-02,9956,16359,471,368
2024-05-03,1578,7008,341,433
2024-05-04,4896,8347,921,124
2024-05-05,8549,14619,230,193
2024-05-06,1122,6426,937,466
2024-05-07,8672,10023,811,473
2024-05-08,9638,17137,600,329
2024-05-09,6571,9761,519,309
2024-05-10,6375,3355,745,387
2024-05-11,8240,15379,956,113
2024-05-12,8509,6009,867,175
2024-05-13,6740,12689,342,338
2024-05-14,7835,9966,125,328
2024-05-15,2111,14944,936,325
2024-05-16,2992,16239,406,489
2024-05-17,6745,8439,921,406
2024-05-18,7921,2342,643,307
2024-05-19,6066,19154,494,130
2024-05-20,6833,13624,282,129
2024-05-21,1910,10293,290,223
2024-05-22,2753,8610,946,296
2024-05-23,6509,11842,213,303
2024-05-24,9527,3735,391,153
2024-05-25,3771,18773,341,428
2024-05-26,7797,6301,184,175
2024-05-27,2324,10187,469,486
2024-05-28,8052,7416,874,78
2024-05-29,4064,8390,233,215
2024-05-30,1307,11360,519,462
2024-05-31,4668,12744,617,119
2024-06-01,8386,14321,187,97
2024-06-02,2698,4127,781,83
2024-06-03,8520,10910,904,263
2024-06-04,7294,3413,867,247
2024-06-05,5938,10173,270,311
2024-06-06,8438,13602,219,90
2024-06-07,2098,15818,934,401
2024-06-08,2376,6811,636,471
2024-06-09,4211,3222,160,325
2024-06-10,8592,13972,188,61
2024-06-11,8906,13482,182,189
2024-06-12,5904,12239,893,401
2024-06-13,9343,9003,837,130
2024-06-14,3943,7050,282,181
2024-06-15,4373,10388,380,97
2024-06-16,7904,9727,736,475
2024-06-17,4454,6681,744,235
2024-06-18,2003,11572,637,380
2024-06-19,6569,3296,114,387
2024-06-20,8623,5592,761,218
2024-06-21,5220,18186,945,412
2024-06-22,1859,17560,923,421
2024-06-23,3481,17179,946,330
2024-06-24,7496,15800,399,497
2024-06-25,8509,5572,113,206
2024-06-26,6910,13139,717,79
2024-06-27,1200,14001,773,162
2024-06-28,2719,12877,975,373
2024-06-29,5229,9837,426,347
2024-06-30,1851,19044,627,323
2024-07-01,3970,7867,788,153
2024-07-02,3354,17055,495,184
2024-07-03,1137,12526,993,65
2024-07-04,2266,4316,123,372
2024-07-05,2967,14796,644,128
2024-07-06,3497,14684,421,350
2024-07-07,2770,11373,272,332
2024-07-08,8192,19280,300,322
2024-07-09,1616,15140,614,466
2024-07-10,7899,10492,409,468
2024-07-11,3688,18706,881,251
2024-07-12,7346,11754,146,155
2024-07-13,3242,3054,855,216
2024-07-14,6965,10640,850,219
2024-07-15,3611,10184,201,377
2024-07-16,9428,9409,592,240
2024-07-17,4518,6950,726,260
2024-07-18,6545,13760,340,69
2024-07-19,9240,16461,662,88
2024-07-20,6619,14064,815,357
2024-07-21,5243,13823,397,448
2024-07-22,1894,14783,624,142
2024-07-23,1593,18378,398,148
2024-07-24,9038,12458,217,121
2024-07-25,1828,14914,519,351
2024-07-26,9984,17143,333,461
2024-07-27,9121,6654,184,247
2024-07-28,3934,13723,828,108
2024-07-29,7262,17230,754,135
2024-07-30,3677,5763,293,406
2024-07-31,8831,16442,881,348
2024-08-01,2457,9142,164,415
2024-08-02,8326,2894,866,394
2024-08-03,1063,8554,219,126
2024-08-04,2037,14232,559,294
2024-08-05,3896,6833,553,75
2024-08-06,1480,11570,463,127
2024-08-07,6167,16973,421,181
2024-08-08,6720,19606,518,83
2024-08-09,6423,4934,657,470
2024-08-10,9773,9908,782,166
2024-08-11,8243,15754,212,54
2024-08-12,5306,8741,162,67
2024-08-13,8597,2291,897,177
2024-08-14,6374,6870,401,432
2024-08-15,3406,8100,252,84
2024-08-16,5060,4039,887,116
2024-08-17,4362,6165,436,86
2024-08-18,3182,8939,928,102
2024-08-19,4848,11957,562,329
2024-08-20,5157,12141,447,303
2024-08-21,1114,19376,445,218
2024-08-22,5398,9823,446,114
2024-08-23,3969,10644,260,269
2024-08-24,3122,15999,284,92
2024-08-25,5836,9824,273,137
2024-08-26,7650,8854,702,144
2024-08-27,5909,14210,371,303
2024-08-28,7095,12151,417,482
2024-08-29,8180,2262,581,183
2024-08-30,7167,14401,200,197
2024-08-31,9644,5426,948,422
2024-09-01,8266,19182,591,285
2024-09-02,4797,7313,135,174
2024-09-03,8877,5259,356,181
2024-09-04,9277,10998,684,146
2024-09-05,8957,10018,418,285
2024-09-06,4499,2804,155,149
2024-09-07,3282,18085,874,443
2024-09-08,9118,9533,103,415
2024-09-09,7364,19417,100,195
2024-09-10,1304,2459,247,411
2024-09-11,4361,18713,581,170
2024-09-12,8044,13865,571,399
2024-09-13,9646,16802,531,191
2024-09-14,8256,2064,860,317
2024-09-15,8770,3051,847,264
2024-09-16,9711,17403,151,439
2024-09-17,5226,4954,451,221
2024-09-18,5131,10271,452,231
2024-09-19,7799,14581,432,209
2024-09-20,7739,9272,806,393
2024-09-21,9787,4807,942,140
2024-09-22,5777,14084,525,213
2024-09-23,7487,16103,680,371
2024-09-24,2778,19047,447,355
2024-09-25,8060,9325,622,115
2024-09-26,5737,17647,105,472
2024-09-27,7729,7182,422,224
2024-09-28,7702,9860,359,204
2024-09-29,1366,12692,789,68
2024-09-30,8094,14504,235,54
2024-10-01,7550,4697,894,326
2024-10-02,4367,11540,388,499
2024-10-03,3116,14152,325,76
2024-10-04,5103,6741,653,53
2024-10-05,6711,5380,109,322
2024-10-06,4144,15283,935,498
2024-10-07,9731,11795,425,207
2024-10-08,8048,11835,572,114
2024-10-09,6151,15066,210,252
2024-10-10,2676,19265,629,480
2024-10-11,8929,2100,908,230
2024-10-12,2748,15930,426,382
2024-10-13,5433,6299,334,481
2024-10-14,4581,3546,700,66
2024-10-15,9948,15777,738,346
2024-10-16,7159,18028,768,63
2024-10-17,1646,14954,241,248
2024-10-18,9830,13310,809,164
2024-10-19,4995,15877,610,499
2024-10-20,7581,3174,684,422
2024-10-21,2464,4472,498,364
2024-10-22,3835,13611,207,441
2024-10-23,6338,13818,553,103
2024-10-24,7477,8732,950,110
2024-10-25,1596,12801,760,248
2024-10-26,2960,9630,647,269
2024-10-27,9035,19010,867,344
2024-10-28,9804,19231,710,495
2024-10-29,7480,13791,788,108
2024-10-30,5666,14677,481,314
2024-10-31,1867,4195,156,429
2024-11-01,3966,17724,269,413
2024-11-02,6620,6001,718,385
2024-11-03,8046,10673,695,421
2024-11-04,8616,13987,246,375
2024-11-05,1040,11510,410,152
2024-11-06,8878,6398,854,171
2024-11-07,6863,11284,560,211
2024-11-08,3087,16566,284,118
2024-11-09,8763,13998,174,108
2024-11-10,1296,16318,174,336
2024-11-11,2661,4380,763,401
2024-11-12,2418,17259,791,280
2024-11-13,9979,4072,597,395
2024-11-14,8542,16808,482,381
2024-11-15,7540,12946,766,101
2024-11-16,5020,14278,813,180
2024-11-17,8145,19067,991,70
2024-11-18,4704,15355,680,219
2024-11-19,4637,14705,159,418
2024-11-20,7479,19427,978,234
2024-11-21,4054,12533,121,174
2024-11-22,1103,10075,639,298
2024-11-23,9630,9064,301,281
2024-11-24,8870,17143,555,63
2024-11-25,5737,18802,523,209
2024-11-26,3711,18414,398,268
2024-11-27,5940,14275,895,125
2024-11-28,3211,5262,882,60
2024-11-29,4972,15271,106,484
2024-11-30,8396,12738,641,269
2024-12-01,2643,18209,251,424
2024-12-02,5188,9498,913,423
2024-12-03,7223,8156,306,236
2024-12-04,7407,6412,595,226
2024-12-05,1236,18781,202,63
2024-12-06,4662,19597,847,184
2024-12-07,9538,4188,436,442
2024-12-08,2860,17405,599,362
2024-12-09,7452,6331,805,388
2024-12-10,8142,2986,396,172
2024-12-11,9413,7976,224,57
2024-12-12,2450,16914,255,431
2024-12-13,9573,16593,943,223
2024-12-14,2704,2112,179,355
2024-12-15,1006,13552,239,466
2024-12-16,9852,3116,926,392
2024-12-17,5529,11048,680,158
2024-12-18,1435,10064,962,130
2024-12-19,8477,11174,934,262
2024-12-20,1720,19601,860,456
2024-12-21,4268,16300,419,298
2024-12-22,6743,2914,204,442
2024-12-23,8520,7673,202,335
2024-12-24,7482,19386,853,315
2024-12-25,1269,16025,779,156
2024-12-26,8286,3874,966,272
2024-12-27,8553,13568,786,325
2024-12-28,6943,5457,124,53
2024-12-29,8267,17684,949,359
2024-12-30,7380,10557,362,479
2024-12-31,1424,7523,400,98
